<?xml version="1.0" encoding="UTF-8" standalone="yes"?>
<addon id="plugin.video.uwc"
       name="Whitecream"
       version="1.7.23"
       provider-name="Whitecream">
	<requires>
		<import addon="xbmc.python" version="2.1.1"/>
		<import addon="script.video.F4mProxy" version="2.9.11" />
		<import addon="script.module.routing" version="0.2.3" />
		<import addon="script.module.resolveurl" version="5.1.34a" />
		<import addon="script.module.simplecache" version="2.0.2" />
		<import addon="script.module.requests" version="0.0.0" />
		<import addon="script.module.urllib3" version="1.25.6a" />
	</requires>
	<extension point="xbmc.python.pluginsource" library="default.py">
		<provides>video</provides>
	</extension>
	<extension point="xbmc.service" library="service.py" />
	<extension point="xbmc.addon.metadata">
		<platform>all</platform>
		<license>GPL 2.0</license>
		<disclaimer lang="en">The author does not host or distribute any of the content displayed by this addon. The author does not have any affiliation with the content provider.</disclaimer>
		<assets>
			<icon>icon.png</icon>
			<fanart>fanart.jpg</fanart>
		</assets>
		<news></news>
	</extension>
</addon>
