﻿<?xml version="1.0" encoding="UTF-8" standalone="yes"?>
<addon 
  id="plugin.video.exodusredux" 
  version="3.0.0a" 
  name="Exodus Redux" 
  provider-name="I-A-C+opscc">
  <requires>
    <import addon="xbmc.python" version="3.0.0"/>
    <import addon="script.module.exodusredux"/>
    <import addon="script.exodusredux.artwork"/>
    <import addon="script.exodusredux.metadata"/>
    <import addon="script.module.resolveurl"/>
    <import addon="script.module.requests"/>
    <import addon="script.module.openscrapers"/>
    <import addon="script.module.metahandler" version="1.0.0"/>
    <import addon="script.video.F4mProxy" version="2.9.15"/>
  </requires>
  <extension point="xbmc.python.pluginsource" library="default.py">
    <provides>video</provides>
  </extension>
  <!--<extension point="xbmc.service" library="service.py" start="startup"/>-->
  <extension point="xbmc.addon.metadata">
    <summary lang="en">Exodus Redux</summary>
    <platform>all</platform>
    <license>GNU GENERAL PUBLIC LICENSE. Version 3, 29 June 2007</license>
    <assets>
      <icon>icon.png</icon>
      <fanart>fanart.jpg</fanart>
      <screenshot/>
    </assets>
    <news/>
  </extension>
</addon>
