﻿<?xml version="1.0" encoding="UTF-8"?>
<window>
  <animation effect="slide" start="0,-140" end="0,0" time="240">WindowOpen</animation>
  <animation effect="slide" start="0,0" end="0,-140" time="180">WindowClose</animation>
  <coordinates>
    <system>1</system>
    <left>510</left>
    <top>-12</top>
  </coordinates>
  <controls>
    <control type="group">
      <visible>false</visible>
      <control type="image">
        <description>background image</description>
        <width>800</width>
        <height>140</height>
        <texture border="16">dialog_context.png</texture>
        <colordiffuse>dialog</colordiffuse>
      </control>
      <control type="list">
        <left>32</left>
        <top>32</top>
        <width>300</width>
        <height>35</height>
        <scrolltime tween="quadratic" easing="out">0</scrolltime>
        <autoscroll time="1000" repeat="1000">true</autoscroll>
        <orientation>vertical</orientation>
        <itemlayout height="80">
          <control type="label">
            <description>Busy label</description>
            <width>300</width>
            <height>80</height>
            <label>$INFO[ListItem.Label]</label>
            <font>font14</font>
          </control>
        </itemlayout>
        <focusedlayout height="80">
          <control type="label">
            <description>Busy label</description>
            <width>300</width>
            <height>80</height>
            <label>$INFO[ListItem.Label]</label>
            <font>font14</font>
          </control>
        </focusedlayout>
        <content>
          <item>
            <label>$LOCALIZE[31004]</label>
          </item>
          <item>
            <label>$LOCALIZE[31004].</label>
          </item>
          <item>
            <label>$LOCALIZE[31004]..</label>
          </item>
          <item>
            <label>$LOCALIZE[31004]...</label>
          </item>
        </content>
      </control>
      <control type="progress" id="10">
        <description>progress control</description>
        <left>30</left>
        <top>70</top>
        <width>740</width>
        <height>14</height>
      </control>
    </control>
  </controls>
</window>
