﻿<?xml version="1.0" encoding="UTF-8"?>
<includes>
    <include name="WidgetBusyAnimation">
        <control type="image" id="12345">
            <visible>Control.IsVisible($PARAM[id]) + Container($PARAM[id]).IsUpdating</visible>
            <description>Busy animation</description>
            <top>30</top>
            <left>30</left>
            <width>60</width>
            <height>60</height>
            <texture colordiffuse="maintext" fallback="special://skin/extras/spinners/Sun.png">$INFO[Skin.String(busyloader)]</texture>
            <aspectratio>keep</aspectratio>
            <animation effect="rotate" start="360" end="0" center="auto" time="3000" loop="true" condition="true">conditional</animation>
        </control>
    </include>
    <include name="WidgetContents">
        <left>$PARAM[left]</left>
        <width>$PARAM[width]</width>
        <height>780</height>
        <onup>$PARAM[onup]</onup>
        <ondown>$PARAM[ondown]</ondown>
        <onleft>$PARAM[onleft]</onleft>
        <onright>$PARAM[onright]</onright>
        <onclick condition="String.StartsWith(Container(9000).ListItem.Property(widgetPath),favourites)">$INFO[ListItem.FileNameAndPath]</onclick>
        <onback>9000</onback>
        <preloaditems>2</preloaditems>
        <viewtype label="21371">list</viewtype>
        <scrolltime tween="quadratic" easing="out">300</scrolltime>
        <orientation>$PARAM[orientation]</orientation>
        <visible>!IsEmpty(Container(9000).ListItem.Property(widgetPath)) + !String.IsEqual(Container(9000).ListItem.Property(widget),weather) + !String.IsEqual(Container(9000).ListItem.Property(widget),settings)</visible>
        <itemlayout height="390" width="350" condition="[String.IsEqual(Container(9000).ListItem.Property(widgetIcon),$LOCALIZE[21371]) + ![String.Contains(Container(9000).ListItem.Property(widgetPath),recentlyaddedepisodes) | String.Contains(Container(9000).ListItem.Property(widgetType),episodes)]] | String.IsEmpty(Container(9000).ListItem.Property(widgetIcon))">
            <include>ThumbnailItemBackground</include>
            <control type="label">
                <left>20</left>
                <right>20</right>
                <top>327</top>
                <height>50</height>
                <label>$VAR[WidgetThumbnailLabel]</label>
            </control>
            <control type="image">
                <left>20</left>
                <top>20</top>
                <right>20</right>
                <height>310</height>
                <aspectratio scalediffuse="false" align="center" aligny="center">keep</aspectratio>
                <texture background="true" fallback="DefaultFolder.png" diffuse="diffuse/thumbnail.png">$VAR[WidgetArt]</texture>
            </control>
            <control type="image">
                <top>20</top>
                <left>20</left>
                <right>20</right>
                <height>310</height>
                <texture border="5">overlays/diffuse-overlay.png</texture>
            </control>
            <include content="OverlayIcons">
                <param name="OverlayLeft" value="272" />
                <param name="OverlayTop" value="18" />
            </include>
        </itemlayout>
        <focusedlayout height="390" width="350" condition="[String.IsEqual(Container(9000).ListItem.Property(widgetIcon),$LOCALIZE[21371]) + ![String.Contains(Container(9000).ListItem.Property(widgetPath),recentlyaddedepisodes) | String.Contains(Container(9000).ListItem.Property(widgetType),episodes)]] | String.IsEmpty(Container(9000).ListItem.Property(widgetIcon))">
            <include>ThumbnailItemBackground</include>
            <control type="label">
                <left>20</left>
                <right>20</right>
                <top>327</top>
                <height>50</height>
                <label>$VAR[WidgetThumbnailLabel]</label>
            </control>
            <control type="image">
                <left>20</left>
                <top>20</top>
                <right>20</right>
                <height>310</height>
                <aspectratio scalediffuse="false" align="center" aligny="center">keep</aspectratio>
                <texture background="true" fallback="DefaultFolder.png" diffuse="diffuse/thumbnail.png">$VAR[WidgetArt]</texture>
            </control>
            <control type="image">
                <animation center="auto" condition="Control.HasFocus($PARAM[id])" easing="inout" effect="fade" end="0" start="100" time="300" tween="sine">Focus</animation>
                <animation center="auto" condition="Control.HasFocus($PARAM[id])" easing="inout" effect="fade" end="100" start="0" time="300" tween="sine">UnFocus</animation>
                <top>20</top>
                <left>20</left>
                <right>20</right>
                <height>310</height>
                <texture border="5">overlays/diffuse-overlay.png</texture>
            </control>
            <include content="OverlayIcons">
                <param name="OverlayLeft" value="272" />
                <param name="OverlayTop" value="18" />
            </include>
        </focusedlayout>
        <itemlayout height="260" width="350" condition="String.IsEqual(Container(9000).ListItem.Property(widgetIcon),$LOCALIZE[20445]) | String.IsEqual(Container(9000).ListItem.Property(widgetIcon),$LOCALIZE[31100]) | String.IsEqual(Container(9000).ListItem.Property(widgetIcon),$LOCALIZE[31088]) | [String.IsEqual(Container(9000).ListItem.Property(widgetIcon),$LOCALIZE[21371]) + [String.Contains(Container(9000).ListItem.Property(widgetPath),recentlyaddedepisodes) | String.Contains(Container(9000).ListItem.Property(widgetType),episodes)]]">
            <control type="image">
                <left>10</left>
                <top>10</top>
                <right>10</right>
                <bottom>10</bottom>
                <texture colordiffuse="33787878" border="5">listselect_fo.png</texture>
            </control>
            <control type="image">
                <left>20</left>
                <top>20</top>
                <right>20</right>
                <height>180</height>
                <texture colordiffuse="background" border="5">thumbnail_bg.png</texture>
            </control>
            <control type="label">
                <left>20</left>
                <right>20</right>
                <top>197</top>
                <height>50</height>
                <label>$VAR[WidgetThumbnailLabel]</label>
            </control>
            <control type="image">
                <visible>!String.IsEmpty(ListItem.Art(fanart))</visible>
                <left>20</left>
                <top>20</top>
                <right>20</right>
                <height>180</height>
                <aspectratio scalediffuse="false" align="center" aligny="center">scale</aspectratio>
                <texture background="true" fallback="DefaultFolder.png" diffuse="diffuse/fanart-widget.png">$VAR[WidgetArt]</texture>
            </control>
            <control type="image">
                <visible>String.IsEmpty(ListItem.Art(fanart))</visible>
                <left>20</left>
                <top>20</top>
                <right>20</right>
                <height>180</height>
                <aspectratio scalediffuse="false" align="center" aligny="center">keep</aspectratio>
                <texture background="true" fallback="DefaultFolder.png">$VAR[WidgetArt]</texture>
            </control>
            <control type="image">
                <top>20</top>
                <left>20</left>
                <right>20</right>
                <height>180</height>
                <texture border="5">overlays/diffuse-overlay.png</texture>
            </control>
            <include content="OverlayIcons">
                <param name="OverlayLeft" value="272" />
                <param name="OverlayTop" value="18" />
            </include>
        </itemlayout>
        <focusedlayout height="260" width="350" condition="String.IsEqual(Container(9000).ListItem.Property(widgetIcon),$LOCALIZE[20445]) | String.IsEqual(Container(9000).ListItem.Property(widgetIcon),$LOCALIZE[31100]) | String.IsEqual(Container(9000).ListItem.Property(widgetIcon),$LOCALIZE[31088]) | [String.IsEqual(Container(9000).ListItem.Property(widgetIcon),$LOCALIZE[21371]) + [String.Contains(Container(9000).ListItem.Property(widgetPath),recentlyaddedepisodes) | String.Contains(Container(9000).ListItem.Property(widgetType),episodes)]]">
            <control type="image">
                <left>10</left>
                <top>10</top>
                <right>10</right>
                <bottom>10</bottom>
                <texture colordiffuse="33787878" border="5">listselect_fo.png</texture>
            </control>
            <control type="image">
                <left>20</left>
                <top>20</top>
                <right>20</right>
                <height>180</height>
                <texture colordiffuse="background" border="5">thumbnail_bg.png</texture>
            </control>
            <control type="label">
                <left>20</left>
                <right>20</right>
                <top>197</top>
                <height>50</height>
                <label>$VAR[WidgetThumbnailLabel]</label>
            </control>
            <control type="image">
                <visible>!String.IsEmpty(ListItem.Art(fanart))</visible>
                <left>20</left>
                <top>20</top>
                <right>20</right>
                <height>180</height>
                <aspectratio scalediffuse="false" align="center" aligny="center">scale</aspectratio>
                <texture background="true" fallback="DefaultFolder.png" diffuse="diffuse/fanart-widget.png">$VAR[WidgetArt]</texture>
            </control>
            <control type="image">
                <visible>String.IsEmpty(ListItem.Art(fanart))</visible>
                <left>20</left>
                <top>20</top>
                <right>20</right>
                <height>180</height>
                <aspectratio scalediffuse="false" align="center" aligny="center">keep</aspectratio>
                <texture background="true" fallback="DefaultFolder.png">$VAR[WidgetArt]</texture>
            </control>
            <control type="image">
                <animation center="auto" condition="Control.HasFocus($PARAM[id])" easing="inout" effect="fade" end="0" start="100" time="300" tween="sine">Focus</animation>
                <animation center="auto" condition="Control.HasFocus($PARAM[id])" easing="inout" effect="fade" end="100" start="0" time="300" tween="sine">UnFocus</animation>
                <top>20</top>
                <left>20</left>
                <right>20</right>
                <height>180</height>
                <texture border="5">overlays/diffuse-overlay.png</texture>
            </control>
            <include content="OverlayIcons">
                <param name="OverlayLeft" value="272" />
                <param name="OverlayTop" value="18" />
            </include>
        </focusedlayout>
        <itemlayout height="390" width="700" condition="!Skin.HasSetting(Enable.HorizontalMenu) + String.IsEqual(Container(9000).ListItem.Property(widgetIcon),$LOCALIZE[20021])">
            <include>ThumbnailItemBackground</include>
            <control type="label">
                <left>20</left>
                <right>20</right>
                <top>327</top>
                <height>50</height>
                <label>$VAR[WidgetThumbnailLabel]</label>
            </control>
            <control type="label">
                <left>20</left>
                <right>20</right>
                <top>327</top>
                <height>50</height>
                <align>right</align>
                <label>$VAR[WidgetThumbnailLabel2]</label>
            </control>
            <control type="image">
                <left>20</left>
                <top>20</top>
                <width>208</width>
                <height>310</height>
                <aspectratio scalediffuse="false" align="center" aligny="center">scale</aspectratio>
                <texture background="true" fallback="DefaultFolder.png" diffuse="diffuse/poster-widget.png">$VAR[WidgetArt]</texture>
            </control>
            <control type="textbox">
                <left>250</left>
                <top>30</top>
                <width>415</width>
                <height>290</height>
                <font>font13_widget</font>
                <label>$VAR[VideoInfoPlotVar]</label>
            </control>
            <control type="image">
                <top>20</top>
                <left>20</left>
                <right>20</right>
                <height>310</height>
                <texture border="5">overlays/diffuse-overlay.png</texture>
            </control>
            <include content="OverlayIcons">
                <param name="OverlayLeft" value="170" />
                <param name="OverlayTop" value="18" />
            </include>
        </itemlayout>
        <focusedlayout height="390" width="700" condition="!Skin.HasSetting(Enable.HorizontalMenu) + String.IsEqual(Container(9000).ListItem.Property(widgetIcon),$LOCALIZE[20021])">
            <include>ThumbnailItemBackground</include>
            <control type="label">
                <left>20</left>
                <right>20</right>
                <top>327</top>
                <height>50</height>
                <label>$VAR[WidgetThumbnailLabel]</label>
            </control>
            <control type="label">
                <left>20</left>
                <right>20</right>
                <top>327</top>
                <height>50</height>
                <align>right</align>
                <label>$VAR[WidgetThumbnailLabel2]</label>
            </control>
            <control type="image">
                <left>20</left>
                <top>20</top>
                <width>208</width>
                <height>310</height>
                <aspectratio scalediffuse="false" align="center" aligny="center">scale</aspectratio>
                <texture background="true" fallback="DefaultFolder.png" diffuse="diffuse/poster-widget.png">$VAR[WidgetArt]</texture>
            </control>
            <control type="textbox">
                <left>250</left>
                <top>30</top>
                <width>415</width>
                <height>290</height>
                <font>font13_widget</font>
                <label>$VAR[VideoInfoPlotVar]</label>
                <include>AutoscrollDefault</include>
            </control>
            <control type="image">
                <animation center="auto" condition="Control.HasFocus($PARAM[id])" easing="inout" effect="fade" end="0" start="100" time="300" tween="sine">Focus</animation>
                <animation center="auto" condition="Control.HasFocus($PARAM[id])" easing="inout" effect="fade" end="100" start="0" time="300" tween="sine">UnFocus</animation>
                <top>20</top>
                <left>20</left>
                <right>20</right>
                <height>310</height>
                <texture border="5">overlays/diffuse-overlay.png</texture>
            </control>
            <include content="OverlayIcons">
                <param name="OverlayLeft" value="170" />
                <param name="OverlayTop" value="18" />
            </include>
        </focusedlayout>
        <itemlayout height="390" width="875" condition="Skin.HasSetting(Enable.HorizontalMenu) + String.IsEqual(Container(9000).ListItem.Property(widgetIcon),$LOCALIZE[20021])">
            <include>ThumbnailItemBackground</include>
            <control type="label">
                <left>20</left>
                <right>20</right>
                <top>327</top>
                <height>50</height>
                <label>$VAR[WidgetThumbnailLabel]</label>
            </control>
            <control type="label">
                <left>20</left>
                <right>20</right>
                <top>327</top>
                <height>50</height>
                <align>right</align>
                <label>$VAR[WidgetThumbnailLabel2]</label>
            </control>
            <control type="image">
                <left>20</left>
                <top>20</top>
                <width>208</width>
                <height>310</height>
                <aspectratio scalediffuse="false" align="center" aligny="center">scale</aspectratio>
                <texture background="true" fallback="DefaultFolder.png" diffuse="diffuse/poster-widget.png">$VAR[WidgetArt]</texture>
            </control>
            <control type="textbox">
                <left>250</left>
                <top>30</top>
                <width>590</width>
                <height>290</height>
                <font>font13_widget</font>
                <label>$VAR[VideoInfoPlotVar]</label>
            </control>
            <control type="image">
                <top>20</top>
                <left>20</left>
                <right>20</right>
                <height>310</height>
                <texture border="5">overlays/diffuse-overlay.png</texture>
            </control>
            <include content="OverlayIcons">
                <param name="OverlayLeft" value="170" />
                <param name="OverlayTop" value="18" />
            </include>
        </itemlayout>
        <focusedlayout height="390" width="875" condition="Skin.HasSetting(Enable.HorizontalMenu) + String.IsEqual(Container(9000).ListItem.Property(widgetIcon),$LOCALIZE[20021])">
            <include>ThumbnailItemBackground</include>
            <control type="label">
                <left>20</left>
                <right>20</right>
                <top>327</top>
                <height>50</height>
                <label>$VAR[WidgetThumbnailLabel]</label>
            </control>
            <control type="label">
                <left>20</left>
                <right>20</right>
                <top>327</top>
                <height>50</height>
                <align>right</align>
                <label>$VAR[WidgetThumbnailLabel2]</label>
            </control>
            <control type="image">
                <left>20</left>
                <top>20</top>
                <width>208</width>
                <height>310</height>
                <aspectratio scalediffuse="false" align="center" aligny="center">scale</aspectratio>
                <texture background="true" fallback="DefaultFolder.png" diffuse="diffuse/poster-widget.png">$VAR[WidgetArt]</texture>
            </control>
            <control type="textbox">
                <left>250</left>
                <top>30</top>
                <width>590</width>
                <height>290</height>
                <font>font13_widget</font>
                <label>$VAR[VideoInfoPlotVar]</label>
                <include>AutoscrollDefault</include>
            </control>
            <control type="image">
                <animation center="auto" condition="Control.HasFocus($PARAM[id])" easing="inout" effect="fade" end="0" start="100" time="300" tween="sine">Focus</animation>
                <animation center="auto" condition="Control.HasFocus($PARAM[id])" easing="inout" effect="fade" end="100" start="0" time="300" tween="sine">UnFocus</animation>
                <top>20</top>
                <left>20</left>
                <right>20</right>
                <height>310</height>
                <texture border="5">overlays/diffuse-overlay.png</texture>
            </control>
            <include content="OverlayIcons">
                <param name="OverlayLeft" value="170" />
                <param name="OverlayTop" value="18" />
            </include>
        </focusedlayout>
    </include>
    <include name="WeatherWidgetContents">
        <visible>String.IsEqual(Container(9000).ListItem.Property(widget),weather) + !IsEmpty(Weather.Plugin)</visible>
        <top>390</top>
        <left>$PARAM[left]</left>
        <width>$PARAM[width]</width>
        <height>390</height>
        <onleft>9000</onleft>
        <onright>$PARAM[id]</onright>
        <onback>9000</onback>
        <onup>9000</onup>
        <ondown>9000</ondown>
        <onclick>ActivateWindow(weather)</onclick>
        <preloaditems>2</preloaditems>
        <viewtype label="21371">list</viewtype>
        <scrolltime tween="quadratic" easing="out">300</scrolltime>
        <orientation>horizontal</orientation>
        <itemlayout height="390" width="350">
            <include>ThumbnailItemBackground</include>
            <control type="label">
                <left>20</left>
                <right>20</right>
                <top>327</top>
                <height>50</height>
                <label>$INFO[ListItem.Label]</label>
            </control>
            <control type="image">
                <left>75</left>
                <top>72</top>
                <right>75</right>
                <height>200</height>
                <aspectratio scalediffuse="false" align="center" aligny="center">keep</aspectratio>
                <texture background="true" fallback="DefaultFolder.png" diffuse="diffuse/thumbnail.png">$INFO[ListItem.Icon]</texture>
            </control>
            <control type="label">
                <top>30</top>
                <left>20</left>
                <width>310</width>
                <height>60</height>
                <font>font15</font>
                <align>center</align>
                <selectedcolor>highlight</selectedcolor>
                <label>$INFO[ListItem.Label2]</label>
            </control>
            <control type="label">
                <top>250</top>
                <left>20</left>
                <width>310</width>
                <height>60</height>
                <font>font15</font>
                <align>center</align>
                <selectedcolor>highlight</selectedcolor>
                <label>$INFO[ListItem.Property(HighTemp),[COLOR invalid],[/COLOR]]$INFO[ListItem.Property(LowTemp), | [COLOR ff8de0ff],[/COLOR]]</label>
            </control>
            <control type="image">
                <top>20</top>
                <left>20</left>
                <right>20</right>
                <height>310</height>
                <texture border="5">overlays/diffuse-overlay.png</texture>
            </control>
        </itemlayout>

        <focusedlayout height="390" width="350">
            <include>ThumbnailItemBackground</include>
            <control type="label">
                <left>20</left>
                <right>20</right>
                <top>327</top>
                <height>50</height>
                <label>$INFO[ListItem.Label]</label>
            </control>
            <control type="image">
                <left>75</left>
                <top>72</top>
                <right>75</right>
                <height>200</height>
                <aspectratio scalediffuse="false" align="center" aligny="center">keep</aspectratio>
                <texture background="true" fallback="DefaultFolder.png" diffuse="diffuse/thumbnail.png">$INFO[ListItem.Icon]</texture>
            </control>
            <control type="label">
                <top>30</top>
                <left>20</left>
                <width>310</width>
                <height>60</height>
                <font>font15</font>
                <align>center</align>
                <label>$INFO[ListItem.Label2]</label>
            </control>
            <control type="label">
                <top>250</top>
                <left>20</left>
                <width>310</width>
                <height>60</height>
                <font>font15</font>
                <align>center</align>
                <label>$INFO[ListItem.Property(HighTemp),[COLOR invalid],[/COLOR]]$INFO[ListItem.Property(LowTemp), | [COLOR ff8de0ff],[/COLOR]]</label>
            </control>
            <control type="image">
                <animation center="auto" condition="Control.HasFocus($PARAM[id])" easing="inout" effect="fade" end="0" start="100" time="300" tween="sine">Focus</animation>
                <animation center="auto" condition="Control.HasFocus($PARAM[id])" easing="inout" effect="fade" end="100" start="0" time="300" tween="sine">UnFocus</animation>
                <top>20</top>
                <left>20</left>
                <right>20</right>
                <height>310</height>
                <texture border="5">overlays/diffuse-overlay.png</texture>
            </control>
        </focusedlayout>
        <content>
            <item>
                <label>$LOCALIZE[33006]</label>
                <label2>$INFO[Window(weather).Property(Day0.Outlook)]</label2>
                <icon>$VAR[WeatherIconVar]$INFO[Window(weather).Property(Day0.FanartCode),,.png]</icon>
                <property name="HighTemp">$INFO[Window(weather).Property(Day0.HighTemp)]$INFO[System.TemperatureUnits]</property>
                <property name="LowTemp">$INFO[Window(weather).Property(Day0.LowTemp)]$INFO[System.TemperatureUnits]</property>
            </item>
            <item>
                <label>$LOCALIZE[33007]</label>
                <label2>$INFO[Window(weather).Property(Day1.Outlook)]</label2>
                <icon>$VAR[WeatherIconVar]$INFO[Window(weather).Property(Day1.FanartCode),,.png]</icon>
                <property name="HighTemp">$INFO[Window(weather).Property(Day1.HighTemp)]$INFO[System.TemperatureUnits]</property>
                <property name="LowTemp">$INFO[Window(weather).Property(Day1.LowTemp)]$INFO[System.TemperatureUnits]</property>
            </item>
            <item>
                <label>$INFO[Window(weather).Property(Day2.Title)]</label>
                <label2>$INFO[Window(weather).Property(Day2.Outlook)]</label2>
                <icon>$VAR[WeatherIconVar]$INFO[Window(weather).Property(Day2.FanartCode),,.png]</icon>
                <property name="HighTemp">$INFO[Window(weather).Property(Day2.HighTemp)]$INFO[System.TemperatureUnits]</property>
                <property name="LowTemp">$INFO[Window(weather).Property(Day2.LowTemp)]$INFO[System.TemperatureUnits]</property>
            </item>
            <item>
                <label>$INFO[Window(weather).Property(Day3.Title)]</label>
                <label2>$INFO[Window(weather).Property(Day3.Outlook)]</label2>
                <icon>$VAR[WeatherIconVar]$INFO[Window(weather).Property(Day3.FanartCode),,.png]</icon>
                <property name="HighTemp">$INFO[Window(weather).Property(Day3.HighTemp)]$INFO[System.TemperatureUnits]</property>
                <property name="LowTemp">$INFO[Window(weather).Property(Day3.LowTemp)]$INFO[System.TemperatureUnits]</property>
            </item>
            <item>
                <label>$INFO[Window(weather).Property(Day4.Title)]</label>
                <label2>$INFO[Window(weather).Property(Day4.Outlook)]</label2>
                <icon>$VAR[WeatherIconVar]$INFO[Window(weather).Property(Day4.FanartCode),,.png]</icon>
                <property name="HighTemp">$INFO[Window(weather).Property(Day4.HighTemp)]$INFO[System.TemperatureUnits]</property>
                <property name="LowTemp">$INFO[Window(weather).Property(Day4.LowTemp)]$INFO[System.TemperatureUnits]</property>
            </item>
            <item>
                <visible>!String.IsEmpty(Window(weather).Property(Day5.FanartCode))</visible>
                <label>$INFO[Window(weather).Property(Day5.Title)]</label>
                <label2>$INFO[Window(weather).Property(Day5.Outlook)]</label2>
                <icon>$VAR[WeatherIconVar]$INFO[Window(weather).Property(Day5.FanartCode),,.png]</icon>
                <property name="HighTemp">$INFO[Window(weather).Property(Day5.HighTemp)]$INFO[System.TemperatureUnits]</property>
                <property name="LowTemp">$INFO[Window(weather).Property(Day5.LowTemp)]$INFO[System.TemperatureUnits]</property>
            </item>
            <item>
                <visible>!String.IsEmpty(Window(weather).Property(Day6.FanartCode))</visible>
                <label>$INFO[Window(weather).Property(Day6.Title)]</label>
                <label2>$INFO[Window(weather).Property(Day6.Outlook)]</label2>
                <icon>$VAR[WeatherIconVar]$INFO[Window(weather).Property(Day6.FanartCode),,.png]</icon>
                <property name="HighTemp">$INFO[Window(weather).Property(Day6.HighTemp)]$INFO[System.TemperatureUnits]</property>
                <property name="LowTemp">$INFO[Window(weather).Property(Day6.LowTemp)]$INFO[System.TemperatureUnits]</property>
            </item>
        </content>
    </include>
    <include name="SettingsWidgetContents">
        <visible>String.IsEqual(Container(9000).ListItem.Property(widget),settings)</visible>
        <top>0</top>
        <left>$PARAM[left]</left>
        <width>$PARAM[width]</width>
        <height>780</height>
        <onleft>$PARAM[onleft]</onleft>
        <onright>$PARAM[onright]</onright>
        <onback>9000</onback>
        <onup>$PARAM[onup]</onup>
        <ondown>$PARAM[ondown]</ondown>
        <preloaditems>2</preloaditems>
        <viewtype label="21371">list</viewtype>
        <scrolltime tween="quadratic" easing="out">300</scrolltime>
        <itemlayout height="260" width="350" condition="!Skin.HasSetting(Enable.HorizontalMenu)">
            <control type="image">
                <left>10</left>
                <top>10</top>
                <right>10</right>
                <bottom>10</bottom>
                <texture colordiffuse="33787878" border="5">listselect_fo.png</texture>
            </control>
            <control type="image">
                <left>20</left>
                <top>20</top>
                <right>20</right>
                <height>180</height>
                <texture colordiffuse="background" border="5">thumbnail_bg.png</texture>
            </control>
            <control type="label">
                <left>20</left>
                <right>20</right>
                <top>197</top>
                <height>50</height>
                <label>$VAR[WidgetThumbnailLabel]</label>
            </control>
            <control type="image">
                <left>20</left>
                <top>20</top>
                <right>20</right>
                <height>180</height>
                <aspectratio scalediffuse="false" align="center" aligny="center">keep</aspectratio>
                <texture background="true" fallback="DefaultFolder.png">$INFO[ListItem.Icon]</texture>
            </control>
            <control type="image">
                <top>20</top>
                <left>20</left>
                <right>20</right>
                <height>180</height>
                <texture border="5">overlays/diffuse-overlay.png</texture>
            </control>
        </itemlayout>
        <focusedlayout height="260" width="350" condition="!Skin.HasSetting(Enable.HorizontalMenu)">
            <control type="image">
                <left>10</left>
                <top>10</top>
                <right>10</right>
                <bottom>10</bottom>
                <texture colordiffuse="33787878" border="5">listselect_fo.png</texture>
            </control>
            <control type="image">
                <left>20</left>
                <top>20</top>
                <right>20</right>
                <height>180</height>
                <texture colordiffuse="background" border="5">thumbnail_bg.png</texture>
            </control>
            <control type="label">
                <left>20</left>
                <right>20</right>
                <top>197</top>
                <height>50</height>
                <label>$VAR[WidgetThumbnailLabel]</label>
            </control>
            <control type="image">
                <left>20</left>
                <top>20</top>
                <right>20</right>
                <height>180</height>
                <aspectratio scalediffuse="false" align="center" aligny="center">keep</aspectratio>
                <texture background="true" fallback="DefaultFolder.png">$INFO[ListItem.Icon]</texture>
            </control>
            <control type="image">
                <animation center="auto" condition="Control.HasFocus($PARAM[id])" easing="inout" effect="fade" end="0" start="100" time="300" tween="sine">Focus</animation>
                <animation center="auto" condition="Control.HasFocus($PARAM[id])" easing="inout" effect="fade" end="100" start="0" time="300" tween="sine">UnFocus</animation>
                <top>20</top>
                <left>20</left>
                <right>20</right>
                <height>180</height>
                <texture border="5">overlays/diffuse-overlay.png</texture>
            </control>
        </focusedlayout>
        <itemlayout height="390" width="350" condition="Skin.HasSetting(Enable.HorizontalMenu)">
            <control type="image">
                <left>10</left>
                <top>10</top>
                <right>10</right>
                <bottom>10</bottom>
                <texture colordiffuse="33787878" border="5">listselect_fo.png</texture>
            </control>
            <control type="image">
                <left>20</left>
                <top>20</top>
                <right>20</right>
                <height>310</height>
                <texture colordiffuse="background" border="5">thumbnail_bg.png</texture>
            </control>
            <control type="label">
                <left>20</left>
                <right>20</right>
                <top>327</top>
                <height>50</height>
                <label>$VAR[WidgetThumbnailLabel]</label>
            </control>
            <control type="image">
                <left>20</left>
                <top>20</top>
                <right>20</right>
                <height>310</height>
                <aspectratio scalediffuse="false" align="center" aligny="center">keep</aspectratio>
                <texture background="true" fallback="DefaultFolder.png">$INFO[ListItem.Icon]</texture>
            </control>
            <control type="image">
                <top>20</top>
                <left>20</left>
                <right>20</right>
                <height>310</height>
                <texture border="5">overlays/diffuse-overlay.png</texture>
            </control>
        </itemlayout>
        <focusedlayout height="390" width="350" condition="Skin.HasSetting(Enable.HorizontalMenu)">
            <control type="image">
                <left>10</left>
                <top>10</top>
                <right>10</right>
                <bottom>10</bottom>
                <texture colordiffuse="33787878" border="5">listselect_fo.png</texture>
            </control>
            <control type="image">
                <left>20</left>
                <top>20</top>
                <right>20</right>
                <height>310</height>
                <texture colordiffuse="background" border="5">thumbnail_bg.png</texture>
            </control>
            <control type="label">
                <left>20</left>
                <right>20</right>
                <top>327</top>
                <height>50</height>
                <label>$VAR[WidgetThumbnailLabel]</label>
            </control>
            <control type="image">
                <left>20</left>
                <top>20</top>
                <right>20</right>
                <height>310</height>
                <aspectratio scalediffuse="false" align="center" aligny="center">keep</aspectratio>
                <texture background="true" fallback="DefaultFolder.png">$INFO[ListItem.Icon]</texture>
            </control>
            <control type="image">
                <animation center="auto" condition="Control.HasFocus($PARAM[id])" easing="inout" effect="fade" end="0" start="100" time="300" tween="sine">Focus</animation>
                <animation center="auto" condition="Control.HasFocus($PARAM[id])" easing="inout" effect="fade" end="100" start="0" time="300" tween="sine">UnFocus</animation>
                <top>20</top>
                <left>20</left>
                <right>20</right>
                <height>310</height>
                <texture border="5">overlays/diffuse-overlay.png</texture>
            </control>
        </focusedlayout>
        <include>SettingsListContents</include>
    </include>
</includes>