﻿<?xml version="1.0" encoding="UTF-8"?>
<includes>
  <include name="Topbar">
    <control type="group">
      <visible>!Control.IsVisible(509)</visible>
      <control type="image">
        <visible>[Control.IsVisible(59) | Control.IsVisible(501)] + !$EXP[isInfoDialog]</visible>
        <width>FullScreenWidth</width>
        <height>80</height>
        <texture>background.png</texture>
        <colordiffuse>background</colordiffuse>
      </control>
      <control type="image">
        <width>FullScreenWidth</width>
        <height>80</height>
        <colordiffuse>33000000</colordiffuse>
        <texture>menu_fo.png</texture>
        <aspectratio>stretch</aspectratio>
        <visible>!Skin.HasSetting(TopbarHideBackground)</visible>
      </control>
      <control type="grouplist">
        <left>20</left>
        <top>0</top>
        <width>900</width>
        <height>80</height>
        <orientation>horizontal</orientation>
        <itemgap>10</itemgap>
        <control type="label">
          <width>auto</width>
          <align>left</align>
          <aligny>center</aligny>
          <font>cirrus_30</font>
          <textcolor>highlight</textcolor>
          <label>•</label>
          <scroll>false</scroll>
          <visible>Skin.HasSetting(ShowTopbarCornerDots)</visible>
        </control>
        <control type="image">
          <width>60</width>
          <height>80</height>
          <description>icon such as 'movie'</description>
          <texture colordiffuse="white">$VAR[HeaderIcon]</texture>
          <aspectratio align="center" aligny="center">keep</aspectratio>
          <visible>Skin.HasSetting(ShowTopbarHeaderIcon) + !Window.IsVisible(busydialog) + !Control.IsVisible(12345)</visible>
        </control>
        <control type="image">
          <description>Busy animation when there is a busy dialog</description>
          <top>29</top>
          <left>29</left>
          <width>60</width>
          <height>80</height>
          <texture colordiffuse="maintext" fallback="special://skin/extras/spinners/Sun.png">$INFO[Skin.String(busyloader)]</texture>
          <aspectratio align="center" aligny="center">keep</aspectratio>
          <animation effect="rotate" start="360" end="0" center="auto" time="3000" loop="true" condition="true">conditional</animation>
          <visible>Skin.HasSetting(ShowTopbarHeaderIcon) + [Window.IsVisible(busydialog)] </visible>
        </control>
        <!--        <control type="label">
          <width>auto</width>
          <align>left</align>
          <aligny>center</aligny>
          <font>cirrus_30</font>
          <textcolor>white</textcolor>
          <description>label such as 'movies'</description>
          <label>$VAR[BreadcrumbsVar]</label>
          <scroll>false</scroll>
          <visible>Skin.HasSetting(ShowTopbarHeaderIcon)</visible>
        </control>-->
      </control>
      <control type="grouplist">
        <left>950</left>
        <top>0</top>
        <width>925</width>
        <height>80</height>
        <align>right</align>
        <orientation>horizontal</orientation>
        <itemgap>10</itemgap>
        <control type="label">
          <width>auto</width>
          <align>left</align>
          <aligny>center</aligny>
          <font>font31</font>
          <textcolor>white</textcolor>
          <label>$INFO[System.Date]</label>
          <scroll>false</scroll>
          <visible>Skin.HasSetting(ShowTopbarDateTime) + ![Window.IsVisible(progressdialog) | Window.IsVisible(extendedprogressdialog)] </visible>
        </control>
        <control type="label">
          <description>dot between date and time</description>
          <width>auto</width>
          <align>center</align>
          <aligny>center</aligny>
          <font>cirrus_30</font>
          <textcolor>white</textcolor>
          <label>•</label>
          <scroll>false</scroll>
          <!--<visible>Skin.HasSetting(ShowTopbarDateTime) + !Window.IsVisible(busydialog)</visible>-->
          <visible>Skin.HasSetting(ShowTopbarDateTime) + ![Window.IsVisible(progressdialog) | Window.IsVisible(extendedprogressdialog)] </visible>
        </control>
        <control type="label">
          <width>auto</width>
          <align>left</align>
          <aligny>center</aligny>
          <font>font31</font>
          <textcolor>white</textcolor>
          <label>$INFO[System.Time]</label>
          <scroll>false</scroll>
          <!--          <visible>Skin.HasSetting(ShowTopbarDateTime) + !Window.IsVisible(busydialog)</visible>-->
          <visible>Skin.HasSetting(ShowTopbarDateTime) + ![Window.IsVisible(progressdialog)|Window.IsVisible(extendedprogressdialog)] </visible>
        </control>
        <control type="label">
          <description>dot between weather and time</description>
          <width>auto</width>
          <align>center</align>
          <aligny>center</aligny>
          <font>cirrus_30</font>
          <textcolor>highlight</textcolor>
          <label>•</label>
          <scroll>false</scroll>
          <visible>Skin.HasSetting(ShowTopbarCornerDots)  + Weather.IsFetched + !Window.IsVisible(busydialog)</visible>
        </control>
        <control type="image">
          <width>60</width>
          <height>80</height>
          <texture>$VAR[WeatherIconVar]$INFO[Window(weather).Property(Current.FanartCode),,.png]</texture>
          <aspectratio align="center" aligny="center">keep</aspectratio>
          <animation effect="fade" start="0" end="100" time="150">VisibleChange</animation>
          <visible>!Skin.HasSetting(HideTopbarWeather) + Weather.IsFetched + !Window.IsVisible(busydialog)</visible>
        </control>
        <control type="label">
          <width>auto</width>
          <align>left</align>
          <aligny>center</aligny>
          <font>font31</font>
          <textcolor>white</textcolor>
          <label>[B]$INFO[Weather.Temperature][/B]</label>
          <scroll>false</scroll>
          <visible>!Skin.HasSetting(HideTopbarWeather) + Weather.IsFetched + !Window.IsVisible(busydialog)</visible>
        </control>
        <control type="label">
          <description>dot at top right</description>
          <width>auto</width>
          <align>center</align>
          <aligny>center</aligny>
          <font>cirrus_30</font>
          <textcolor>highlight</textcolor>
          <label>•</label>
          <scroll>false</scroll>
          <visible>Skin.HasSetting(ShowTopbarCornerDots) + Weather.IsFetched + !Window.IsVisible(busydialog)</visible>
        </control>
      </control>
    </control>
  </include>
</includes>
