﻿<?xml version="1.0" encoding="UTF-8"?>
<window>
  <defaultcontrol always="true">50</defaultcontrol>
  <menucontrol>9051</menucontrol>
  <allowoverlay>no</allowoverlay>
  <onload>SetProperty(Window.HasSettings,True,home)</onload>
  <onload>ClearProperty(MediaMenu,Home)</onload>
  <onunload>ClearProperty(MediaMenu,Home)</onunload>
  <onunload>ClearProperty(Window.HasSettings,Home)</onunload>
  <views>50,52,520,57,501,900,902,903,909</views>
  <controls>
    <include>CommonBackground</include>
    <control type="group">
      <include>View_50_List</include>
      <!-- view id = 50 -->
      <include>View_52_Thumbnail</include>
      <!-- view id = 52 -->
      <include>View_520_AddonWall</include>
      <!-- view id = 520 -->
      <include>View_57_Shift</include>
      <!-- view id = 57 -->
      <include>AddonLowList</include>
      <!-- view id = 501 -->
      <include>View_902_KeibertzPlus</include>
      <include>View_903_Coverflow</include>
      <include>View_909_Sauna</include>
    </control>
    <include>Topbar</include>
    <control type="group">
      <left>-440</left>
      <include>SideBladeLeft</include>
      <control type="grouplist" id="9050">
        <include>MediaMenuTop</include>
        <control type="edit" id="19">
          <visible>Container.CanFilter + !Container.CanFilterAdvanced</visible>
          <description>Filter</description>
          <textwidth>372</textwidth>
          <include>ButtonCommonValues</include>
          <label>587</label>
        </control>
        <control type="radiobutton" id="20">
          <visible>Container.CanFilterAdvanced</visible>
          <description>Filter</description>
          <include>ButtonCommonValues</include>
          <label>587</label>
          <onclick>right</onclick>
          <onclick>Filter</onclick>
        </control>
        <control type="button" id="203">
          <description>Actions label</description>
          <textwidth>352</textwidth>
          <font>font13_title</font>
          <include>ButtonCommonValues</include>
          <label>31039</label>
          <enable>no</enable>
          <disabledcolor>highlight</disabledcolor>
        </control>
        <control type="button" id="205">
          <include>ButtonCommonValues</include>
          <label>10140</label>
          <onclick>Addon.OpenSettings($INFO[Container.PluginName])</onclick>
          <visible>!String.IsEmpty(Container.PluginName)</visible>
        </control>
        <include>QuicknavButton</include>
        <include>PlaylistButtons</include>
        <include content="MenuPlayerControls">
          <param name="PlayerControlsOnDown" value="1802"/>
        </include>
      </control>
      <include condition="!Skin.HasSetting(Disable.Quicknav)">QuicknavMenu</include>
    </control>
  </controls>
</window>
