﻿<?xml version="1.0" encoding="UTF-8"?>
<window>
  <defaultcontrol always="true">10</defaultcontrol>
  <allowoverlay>no</allowoverlay>
  <onload condition="String.IsEmpty(Skin.String(musicvis.background))">Skin.SetString(musicvis.background,fanart)</onload>
  <onload condition="!System.HasAddon(script.tv.show.next.aired)">Skin.SetBool(Disable.NextAired)</onload>
  <controls>
    <control type="button" id="10">
      <description>trigger</description>
      <onfocus>ReplaceWindow($INFO[System.StartupWindow])</onfocus>
      <texturenofocus/>
      <texturefocus/>
      <visible>!Skin.HasSetting(Use_Startup_Playlist)</visible>
    </control>
    <control type="button" id="10">
      <description>trigger with startup Playlist</description>
      <onfocus>PlayMedia($INFO[Skin.String(Startup_Playlist_Path)])</onfocus>
      <onfocus>ReplaceWindow($INFO[System.StartupWindow])</onfocus>
      <texturenofocus/>
      <texturefocus/>
      <visible>Skin.HasSetting(Use_Startup_Playlist)</visible>
    </control>
    <include>CommonBackground</include>
  </controls>
</window>
