<?xml version="1.0" encoding="UTF-8"?>
<includes>

<!-- Addon Wall -->
  <include name="View_520_AddonWall">
    <control type="group">
      <visible>Control.IsVisible(520) + !$EXP[isInfoDialog]</visible>
      <include>Animation.Common</include>
      <control type="image">
        <visible>Control.HasFocus(520)</visible>
        <left>62</left>
        <top>190</top>
        <width>369</width>
        <height>369</height>
        <include>FocusedBackgroundFade</include>
        <texture colordiffuse="highlight" border="5">listselect_fo.png</texture>
        <animation effect="slide" end="0,357" time="300" tween="cubic" easing="inout" condition="Integer.IsGreater(Container(520).Row,0)">Conditional</animation>
        <animation effect="slide" end="357,0" time="300" tween="cubic" easing="inout" condition="Integer.IsGreater(Container(520).Column,3)">Conditional</animation>
        <animation effect="slide" end="357,0" time="300" tween="cubic" easing="inout" condition="Integer.IsGreater(Container(520).Column,2)">Conditional</animation>
        <animation effect="slide" end="357,0" time="300" tween="cubic" easing="inout" condition="Integer.IsGreater(Container(520).Column,1)">Conditional</animation>
        <animation effect="slide" end="357,0" time="300" tween="cubic" easing="inout" condition="Integer.IsGreater(Container(520).Column,0)">Conditional</animation>
      </control>
      <control type="panel" id="520">
        <left>51</left>
        <top>196</top>
        <width>1818</width>
        <height>714</height>
        <onleft>SetProperty(MediaMenu,True,home)</onleft>
        <onleft>SetFocus(9050)</onleft>
        <onright>60</onright>
        <onup>520</onup>
        <ondown>520</ondown>
        <pagecontrol>60</pagecontrol>
        <preloaditems>2</preloaditems>
        <viewtype label="31086">Icon</viewtype>
        <visible>Container.Content(addons)</visible>
        <scrolltime tween="quadratic" easing="out">300</scrolltime>
        <itemlayout height="357" width="357">
          <control type="group">
            <left>17</left>
            <control type="image">
              <left>6</left>
              <top>6</top>
              <width>345</width>
              <height>345</height>
              <aspectratio scalediffuse="false">scale</aspectratio>
              <texture fallback="DefaultAddon.png" background="true" diffuse="diffuse/wall-musicvideo.png">$INFO[ListItem.Art(thumb)]</texture>
            </control>
            <control type="image">
              <left>6</left>
              <top>6</top>
              <width>345</width>
              <height>345</height>
              <texture border="5">overlays/diffuse-overlay.png</texture>
            </control>
            <control type="image">
              <left>6</left>
              <top>301</top>
              <width>345</width>
              <height>50</height>
              <texture colordiffuse="BB000000" border="5">diffuse/actor-label.png</texture>
            </control>
            <control type="label">
              <left>6</left>
              <top>304</top>
              <width>345</width>
              <height>40</height>
              <align>center</align>
              <textoffsetx>10</textoffsetx>
              <label>$INFO[ListItem.Label]</label>
            </control>
          </control>
        </itemlayout>
        <focusedlayout height="357" width="357">
          <control type="group">
            <left>17</left>
            <include>PanelFocusedItemZoom</include>
            <control type="image">
              <left>6</left>
              <top>6</top>
              <width>345</width>
              <height>345</height>
              <aspectratio scalediffuse="false">scale</aspectratio>
              <texture fallback="DefaultAddon.png" background="true" diffuse="diffuse/wall-musicvideo.png">$INFO[ListItem.Art(thumb)]</texture>
            </control>
            <control type="group">
              <animation center="auto" condition="Control.HasFocus(520)" easing="inout" effect="fade" end="0" start="100" time="300" tween="sine">Focus</animation>
              <animation center="auto" condition="Control.HasFocus(520)" easing="inout" effect="fade" end="100" start="0" time="300" tween="sine">UnFocus</animation>
              <control type="image">
                <left>6</left>
                <top>6</top>
                <width>345</width>
                <height>345</height>
                <texture border="5">overlays/diffuse-overlay.png</texture>
              </control>
              <control type="image">
                <left>6</left>
                <top>301</top>
                <width>345</width>
                <height>50</height>
                <texture colordiffuse="BB000000" border="5">diffuse/actor-label.png</texture>
              </control>
              <control type="label">
                <left>6</left>
                <top>304</top>
                <width>345</width>
                <height>40</height>
                <align>center</align>
                <textoffsetx>10</textoffsetx>
                <label>$INFO[ListItem.Label]</label>
              </control>
            </control>
          </control>
        </focusedlayout>
      </control>
      <control type="group">
        <left>42</left>
        <top>925</top>
        <visible>Control.IsVisible(520)</visible>
        <control type="label">
          <width>1800</width>
          <height>40</height>
          <font>font30</font>
          <scroll>true</scroll>
          <label>$INFO[ListItem.Label]</label>
          <textoffsety>-2</textoffsety>
          <textoffsetx>30</textoffsetx>
        </control>
        <control type="label">
          <top>50</top>
          <width>1800</width>
          <height>30</height>
          <font>font14</font>
          <textcolor>highlight</textcolor>
          <label>$INFO[ListItem.AddonSummary]</label>
          <textoffsetx>30</textoffsetx>
        </control>
      </control>
    </control>
    <control type="group">
      <visible>Control.IsVisible(520) + !$EXP[isInfoDialog]</visible>
      <animation effect="slide" time="0" start="0,0" end="0,-15" condition="Window.IsActive(videos) | Window.IsActive(pictures) | Window.IsActive(music)">Conditional</animation>
      <include>Scrollbar_Vertical</include>
    </control>
  </include>
</includes>
