<?xml version="1.0" encoding="UTF-8" standalone="yes"?>
<addon id="plugin.video.rtpplay2" name="RTP Play2" version="3.4.7" provider-name="opscc">
	<requires>
		<import addon="xbmc.python" version="2.1.0"/>
		<import addon="script.module.routing" version="0.0.0"/>
		<import addon="script.module.requests" version="2.12.4"/>
		<import addon="script.module.inputstreamhelper" version="0.0.0"/>
		<import addon="script.video.F4mProxy" version="2.9.9"/>
	</requires>
	<extension point="xbmc.python.pluginsource" library="main.py">
		<provides>video</provides>
	</extension>
	<extension point="xbmc.service" library="service.py" />
	<extension point="xbmc.addon.metadata">
		<summary >Play live broadcasts from RTP Play</summary>
		<description >Play live broadcasts from the RTP Play website</description>
		<platform>all</platform>
		<license>GPL-3.0</license>
		<forum>https://forum.kodi.tv/showthread.php?tid=154645</forum>
		<website>http://rtp.pt/play</website>
		<assets>
			<icon>icon.png</icon>
			<fanart>fanart.jpg</fanart>
		</assets>
	</extension>
</addon>