﻿<?xml version="1.0" encoding="UTF-8" standalone="yes"?>
<addon name="RTP Play2" 
  id="plugin.video.rtpplay2"
  version="3.9.5"
  provider-name="opscc">
  <requires>
    <import addon="script.module.routing" version="0.0.0"/>
    <import addon="script.module.requests" version="2.12.4"/>
    <import addon="script.module.inputstreamhelper" version="0.0.0"/>
    <import addon="script.video.F4mProxy" version="2.9.15"/>
    <import addon="script.module.certifi" version="2.25.0a"/>
    <import addon="script.module.simplecache" version="2.0.2"/>
    <import addon="inputstream.adaptive" />
  </requires>
  <extension point="xbmc.python.pluginsource" library="main.py">
    <provides>video</provides>
  </extension>
  <extension point="xbmc.service" library="service.py" />
  <extension point="xbmc.addon.metadata">
    <summary>Play live broadcasts from RTP Play</summary>
    <description>Play live broadcasts from the RTP Play website</description>
    <platform>all</platform>
    <license>GPL-3.0</license>
    <forum>https://forum.kodi.tv/showthread.php?tid=154645</forum>
    <website>http://rtp.pt/play</website>
    <assets>
      <icon>icon.png</icon>
      <fanart>fanart.jpg</fanart>
    </assets>
  </extension>
</addon>
