<?xml version="1.0" encoding="UTF-8" standalone="yes"?>
<addon id="plugin.video.uwc"
       name="Whitecream"
       version="1.7.10"
       provider-name="Whitecream">
	<requires>
		<import addon="xbmc.python" version="2.1.1"/>
		<import addon="script.video.F4mProxy" version="2.9.7" />
		<import addon="script.module.routing" version="0.2.3" />
		<import addon="script.module.urlresolver" version="0.0.0" />
	</requires>
	<extension point="xbmc.python.pluginsource"
               library="default.py">
		<provides>video</provides>
	</extension>
	<extension point="xbmc.addon.metadata">
		<platform>all</platform>
		<license>GPL 2.0</license>
		<summary lang="en">Watch [COLOR red][B]ADULT[/B][/COLOR] Movies with Ultimate WhiteCream</summary>
		<description lang="en">Watch [COLOR red][B]ADULT[/B][/COLOR] Movies with Ultimate WhiteCream</description>
		<disclaimer lang="en">The author does not host or distribute any of the content displayed by this addon. The author does not have any affiliation with the content provider.</disclaimer>
		<assets>
			<icon>icon.png</icon>
			<fanart>fanart.jpg</fanart>
		</assets>
		<news></news>
	</extension>
</addon>
