﻿<?xml version="1.0" encoding="UTF-8" standalone="yes"?>
<addon id="script.module.exodusredux" name="Exodus Redux Module" version="2.0.5l" provider-name="I-A-C">
  <requires>
    <import addon="xbmc.python" version="2.1.0"/>
    <import addon="script.module.beautifulsoup4"/>
    <import addon="script.module.simplecache" version="2.0.2"/>
  </requires>
  <extension point="xbmc.python.module" library="lib"/>
  <extension point="xbmc.addon.metadata">
    <platform>all</platform>
    <summary lang="en">Exodus Redux</summary>
  </extension>
</addon>
