﻿<?xml version="1.0" encoding="UTF-8" standalone="yes"?>
<addon 
  id="script.module.metahandler" 
  name="metahandler" 
  version="3.0.0" 
  provider-name="Eldorado">
  <requires>
    <!--<import addon="script.module.simplejson" version="3.3.0"/>-->
    <import addon="script.module.addon.common" version="3.0.0a"/>
    <import addon="script.module.myconnpy" version="1.1.6"/>-->
  </requires>
  <extension point="xbmc.python.module" library="lib"/>
  <extension point="xbmc.addon.metadata">
    <summary lang="en">Downloads Artwork for TV shows, Movies and Music videos for addons and stores them in a local SQLITE database</summary>
    <description lang="en">Queries, stores, and returns metadata for TV shows, Movies and Musicvideos. [CR]Sources:[CR]www.thetvdb.com[CR]www.themoviedb.org[CR]www.imdb.com</description>
    <disclaimer lang="en"/>
    <language/>
    <platform>all</platform>
    <license>GNU GENERAL PUBLIC LICENSE. Version 2, June 1991</license>
    <forum/>
    <website/>
    <email/>
    <source/>
  </extension>
</addon>
