﻿<?xml version="1.0" encoding="UTF-8" standalone="yes"?>
<addon id="repository.opscc" name="  opscc Addons" provider-name="opscc" version="1.1.2">
    <requires>
        <import addon="xbmc.addon" version="12.0.0"/>
    </requires>
    <extension point="xbmc.addon.metadata">
		<summary>extention point summary: from zip file</summary>
		<description>extention point description: </description>
		<disclaimer>extention point disclaimer:</disclaimer>
		<platform>all</platform>
	</extension>
	<extension point="xbmc.addon.repository" name="opscc Addons" >
	  <dir minversion="16.9.0">
        <info compressed="false">https://raw.githubusercontent.com/opscc/repo/master/addons.xml</info>
        <checksum>https://raw.githubusercontent.com/opscc/repo/master/subfoder/repo.md5</checksum>
        <datadir zip="true">https://raw.githubusercontent.com/opscc/repo/master/</datadir>
        <hashes>false</hashes>
    </dir>
      <dir minversion="19.8">
          <info compressed="false">https://raw.githubusercontent.com/opscc/repo/master/addons20.xml</info>
          <checksum>https://raw.githubusercontent.com/opscc/repo/master/subfoder/repo.md5</checksum>
          <datadir zip="true">https://raw.githubusercontent.com/opscc/repo/master/</datadir>
          <hashes>false</hashes>
      </dir>
	</extension>
</addon>
