<?xml version="1.0" encoding="UTF-8" standalone="yes"?>
<addon id="script.module.urllib3"
       name="urllib3"
       version="1.25.6a"
       provider-name="Andrey Petrov">
  <requires>
    <import addon="xbmc.python" version="2.25.0"/>
  </requires>
  <extension point="xbmc.python.module"
             library="lib" />
  <extension point="xbmc.addon.metadata">
    <summary lang="en_GB">HTTP library with thread-safe connection pooling, file post, and more.</summary>
    <description lang="en_GB">Packed for KODI from https://pypi.org/project/urllib3/</description>
    <license>MIT</license>
    <website>https://urllib3.readthedocs.io/en/latest/</website>
    <source>https://github.com/urllib3/urllib3</source>
    <email>freso.dk AT gmail.com</email>
    <assets>
      <icon>resources/icon.png</icon>
    </assets>
  </extension>
</addon>
