<?xml version="1.0" encoding="UTF-8" standalone="yes"?>
<addon id="plugin.video.rtpplay2" name="RTP Play2" version="3.2.8" provider-name="opscc">
    <requires>
        <import addon="xbmc.python" version="2.25.0"/>
        <import addon="script.module.routing" version="0.2.0"/>
        <import addon="script.module.requests" version="2.12.4"/>
        <import addon="script.module.inputstreamhelper" version="0.3.3"/>
    </requires>

    <extension point="xbmc.python.pluginsource" library="main.py">
        <provides>video</provides>
    </extension>

    <extension point="xbmc.service" library="service.py" start="login" />

    <extension point="xbmc.addon.metadata">
        <summary lang="en_GB">Play live emissions from RTP Play</summary>
        <description lang="en_GB">Play live emissions from the RTP Play website</description>
        <language>pt</language>
        <platform>all</platform>
        <license>GPL-3.0</license>
        <forum>https://forum.kodi.tv/showthread.php?tid=154645</forum>
        <website>http://rtp.pt/play</website>
        <news>
3.2.6 rtp1 does not work without DASH any more;;;  regex update 
3.2.4 https for fatima link
3.2.3 temp hack for rtp1HD
3.2.2 regex updates
3.2.0 use internal proxy for MPD stream
3.1.4 use more widevine in more streams not working for rtp1; add TVI24 stream
3.1.3 disable widevine until library is updted to suppport pipe symbol;   add TVI low quality streams
3.1.2 added code for widevine DRM
3.1.0 enable MPD format
        </news>
        <disclaimer>The plugin is unnoficial and not endorsed by RTP. Expect it to break. </disclaimer>
        <assets>
            <icon>icon.png</icon>
            <fanart>fanart.jpg</fanart>
        </assets>
    </extension>

</addon>
