﻿<?xml version="1.0" encoding="UTF-8" standalone="yes"?>
<addon name="Whitecream" 
  id="plugin.video.uwc" 
  version="2.0.0" 
  provider-name="Whitecream">
  <requires>
    <import addon="script.video.F4mProxy" version="2.9.15"/>
    <import addon="script.module.resolveurl" version="5.1.34a"/>
    <import addon="script.module.simplecache" version="2.0.2"/>
    <import addon="script.module.requests" version="0.0.0"/>
    <import addon="script.module.urllib3" version="1.25.6a"/>
    <import addon="script.module.certifi" version="2.25.0a"/>
   <!-- <import addon="script.module.openscrapers" />-->
  </requires>
  <extension point="xbmc.python.pluginsource" library="resources/lib/default.py">
    <provides>video</provides>
  </extension>
  <extension point="xbmc.service" library="resources/lib/service.py"/>
  <extension point="xbmc.addon.metadata">
    <platform>all</platform>
    <license>GPL 2.0</license>
    <assets>
      <icon>icon.png</icon>
      <fanart>fanart.jpg</fanart>
    </assets>
    <news/>
  </extension>
</addon>
