<?xml version="1.0" encoding="UTF-8" standalone="yes"?>
<addon id="plugin.video.cbcmusic" version="0.1.3" name="CBC Music" provider-name="opscc">
    <requires>
        <import addon="xbmc.python" version="2.1.0"/>
        <import addon="script.video.F4mProxy" version="2.9.10" />
    </requires>
    <extension point="xbmc.python.pluginsource" library="default.py"><provides>video</provides></extension>
    <extension point="xbmc.addon.metadata">
        <platform>all</platform>
        <license>GPL 2.0</license>
        <summary lang="en">CBC Music</summary>
        <description lang="en">Play music from www.cbcmusic.ca/music-streams</description>
        <assets>
            <icon>icon.png</icon>
            <fanart>icon.png</fanart>
        </assets>
    </extension>
</addon>
