<?xml version="1.0" encoding="UTF-8" standalone="yes"?>
<addon id="repository.opscc" name="  opscc Addons" provider-name="opscc" version="1.0.4">
    <requires>
        <import addon="xbmc.addon" version="12.0.0"/>
    </requires>
    <extension point="xbmc.addon.metadata">
		<summary>extention point summary:</summary>
		<description>extention point description: </description>
		<disclaimer>extention point disclaimer:</disclaimer>
		<platform>all</platform>
	</extension>
	<extension point="xbmc.addon.repository" name="opscc Addons" >
        <info compressed="false">https://raw.githubusercontent.com/opscc/repo/master/addons.xml</info>
        <checksum>https://raw.githubusercontent.com/opscc/repo/master/subfoder/repo.md5</checksum>
        <datadir zip="true">https://raw.githubusercontent.com/opscc/repo/master</datadir>
	</extension>
</addon>