<?xml version="1.0" encoding="UTF-8"?>
<includes>

    <include name="Topbar">
		<control type="group">
            <visible>!Control.IsVisible(509)</visible>
            <control type="image">
                <visible>[Control.IsVisible(59) | Control.IsVisible(501)] + !$EXP[isInfoDialog]</visible>
                <width>FullScreenWidth</width>
                <height>80</height>
                <texture>background.png</texture>
                <colordiffuse>background</colordiffuse>
            </control>
			<control type="image">
                <width>FullScreenWidth</width>
				<height>80</height>
				<colordiffuse>33000000</colordiffuse>
				<texture>menu_fo.png</texture>
				<aspectratio>stretch</aspectratio>
				<visible>!Skin.HasSetting(TopbarHideBackground)</visible>
			</control>
			<control type="grouplist">
				<left>20</left>
				<top>0</top>
				<width>900</width>
				<height>80</height>
				<orientation>horizontal</orientation>
				<itemgap>20</itemgap>
				<control type="image">
					<width>60</width>
					<height>80</height>
					<texture colordiffuse="white">$VAR[HeaderIcon]</texture>
					<aspectratio align="center" aligny="center">keep</aspectratio>
					<animation effect="fade" start="0" end="100" time="150">VisibleChange</animation>
				</control>
				<control type="label">
					<width>auto</width>
					<align>left</align>
					<aligny>center</aligny>
					<font>cirrus_30</font>
					<textcolor>highlight</textcolor>
					<label>•</label>
					<scroll>false</scroll>
				</control>
				<control type="label">
					<width>auto</width>
					<align>left</align>
					<aligny>center</aligny>
					<font>cirrus_30</font>
					<textcolor>white</textcolor>
					<label>$VAR[BreadcrumbsVar]</label>
					<scroll>false</scroll>
				</control>
			</control>
			<control type="grouplist">
				<left>990</left>
				<top>0</top>
				<width>900</width>
				<height>80</height>
				<align>right</align>
				<orientation>horizontal</orientation>
				<itemgap>20</itemgap>
				<control type="label">
					<width>auto</width>
					<align>left</align>
					<aligny>center</aligny>
					<font>font31</font>
					<textcolor>white</textcolor>
					<label>$INFO[System.Date]</label>
					<scroll>false</scroll>
				</control>
				<control type="label">
					<width>auto</width>
					<align>left</align>
					<aligny>center</aligny>
					<font>cirrus_30</font>
					<textcolor>highlight</textcolor>
					<label>•</label>
					<scroll>false</scroll>
				</control>
				<control type="image">
					<width>60</width>
					<height>80</height>
					<texture>$VAR[WeatherIconVar]$INFO[Window(weather).Property(Current.FanartCode),,.png]</texture>
					<aspectratio align="center" aligny="center">keep</aspectratio>
					<animation effect="fade" start="0" end="100" time="150">VisibleChange</animation>
					<visible>!Skin.HasSetting(HideTopbarWeather) + Weather.IsFetched</visible>
				</control>
				<control type="label">
					<width>auto</width>
					<align>left</align>
					<aligny>center</aligny>
					<font>font31</font>
					<textcolor>white</textcolor>
					<label>[B]$INFO[Weather.Temperature][/B]</label>
					<scroll>false</scroll>
					<visible>!Skin.HasSetting(HideTopbarWeather) + Weather.IsFetched</visible>
				</control>
				<control type="label">
					<width>auto</width>
					<align>left</align>
					<aligny>center</aligny>
					<font>cirrus_30</font>
					<textcolor>highlight</textcolor>
					<label>•</label>
					<scroll>false</scroll>
					<visible>!Skin.HasSetting(HideTopbarWeather) + Weather.IsFetched</visible>
				</control>
				<control type="label">
					<width>auto</width>
					<align>left</align>
					<aligny>center</aligny>
					<font>font31</font>
					<textcolor>white</textcolor>
					<label>$INFO[System.Time]</label>
					<scroll>false</scroll>
				</control>
			</control>
		</control>
     <!-- Navigation Bar        <control type="group">
            <visible>!Control.IsVisible(509)</visible>
            <control type="image">
                <visible>[Control.IsVisible(59) | Control.IsVisible(501)] + !$EXP[isInfoDialog]</visible>
                <width>FullScreenWidth</width>
                <height>120</height>
                <texture>background.png</texture>
                <colordiffuse>background</colordiffuse>
            </control>
            <control type="image">
                <width>FullScreenWidth</width>
                <height>120</height>
                <texture>menu_fo.png</texture>
                <colordiffuse>33000000</colordiffuse>
            </control>
            <control type="group">
                <control type="group">
                    <control type="image">
                        <top>19</top>
                        <left>19</left>
                        <width>80</width>
                        <height>80</height>
                        <texture colordiffuse="33787878" border="5">listselect_fo.png</texture>
                    </control>
                    <control type="image">
                        <top>19</top>
                        <left>19</left>
                        <width>80</width>
                        <height>80</height>
                        <texture colordiffuse="maintext">$VAR[HeaderIcon]</texture>
                        <visible>![Container.Scrolling + [String.IsEqual(Container.SortMethod,$LOCALIZE[369]) | String.IsEqual(Container.SortMethod,$LOCALIZE[551]) | [Container.Content(artists) + String.IsEqual(Container.SortMethod,$LOCALIZE[557])]]]</visible>
                        <visible>!Window.IsVisible(busydialog) + !Control.IsVisible(12345)</visible>
                        <animation effect="fade" start="0" end="100" time="150">VisibleChange</animation>
                    </control>
                    <control type="label">
                        <top>17</top>
                        <left>17</left>
                        <width>80</width>
                        <height>80</height>
                        <font>font35_title</font>
                        <align>center</align>
                        <label>$INFO[ListItem.SortLetter,[UPPERCASE],[/UPPERCASE]]</label>
                        <visible>Container.Scrolling + [String.IsEqual(Container.SortMethod,$LOCALIZE[369]) | String.IsEqual(Container.SortMethod,$LOCALIZE[551]) | [Container.Content(artists) + String.IsEqual(Container.SortMethod,$LOCALIZE[557])]]</visible>
                        <visible>!Window.IsVisible(DialogBusy.xml) + !Control.IsVisible(12345)</visible>
                        <animation effect="fade" start="0" end="100" time="150">VisibleChange</animation>
                    </control>
                    <control type="image">
                        <visible>Window.IsVisible(DialogBusy.xml)</visible>
                        <description>Busy animation</description>
                        <top>29</top>
                        <left>29</left>
                        <width>60</width>
                        <height>60</height>
                        <texture colordiffuse="maintext" fallback="special://skin/extras/spinners/Sun.png">$INFO[Skin.String(busyloader)]</texture>
                        <aspectratio>keep</aspectratio>
                        <animation effect="rotate" start="360" end="0" center="auto" time="3000" loop="true" condition="true">conditional</animation>
                    </control>
                    <control type="group">
                        <control type="button">
                            <left>102</left>
                            <top>17</top>
                            <width>1715</width>
                            <height>45</height>
                            <font>font30</font>
                            <textoffsetx>15</textoffsetx>
                            <label>$VAR[BreadcrumbsVar]</label>
                            <label2>$VAR[TopbarFadeLabel1]</label2>
                            <onclick>noop</onclick>
                            <texturefocus>blank.png</texturefocus>
                        </control>
                        <control type="button">
                            <left>102</left>
                            <top>59</top>
                            <width>1715</width>
                            <height>45</height>
                            <font>font14</font>
                            <textoffsetx>15</textoffsetx>
                            <textcolor>highlight</textcolor>
                            <label>$VAR[HeaderSubLabel]</label>
                            <label2>$VAR[TopbarFadeLabel2]</label2>
                            <onclick>noop</onclick>
                            <texturefocus>blank.png</texturefocus>
                            <focusedcolor>highlight</focusedcolor>
                        </control>
                    </control>
                </control>
            </control>
            <control type="image">
                <description>avatar</description>
                <left>1821</left>
                <top>19</top>
                <width>80</width>
                <height>80</height>
                <aspectratio align="center" aligny="center" scalediffuse="false">keep</aspectratio>
                <texture diffuse="diffuse/nowplaying.png">$VAR[HomeNowPlayingThumbVar]</texture>
                <visible>[!Window.IsVisible(volumebar) + [!Window.IsVisible(extendedprogressdialog) | Window.IsVisible(script-globalsearch-main.xml) | Window.IsVisible(script-globalsearch-infodialog.xml) | Window.IsVisible(favourites)]] | [Player.Muted + !Window.IsVisible(extendedprogressdialog)]</visible>
            </control>
        </control>-->
    </include>
</includes>